{
  "n_tasks_in_set": 113,
  "rows": [
    {
      "attempt_pass_rate": 0.7004504504504504,
      "ci_attempted": 444,
      "ci_half": 0.028265524535819504,
      "ci_hi": 0.7287159749862699,
      "ci_lo": 0.6721849259146309,
      "ci_passed": 311,
      "config": "mini_swe_agent_gpt_5_5_xhigh",
      "median_agent_steps_to_pass": 76,
      "median_cost_usd": 5.755558499999999,
      "median_output_tokens_to_pass": 46363,
      "median_steps": 75,
      "model": "gpt-5-5",
      "n_attempted": 444,
      "n_pass_at_4": 98,
      "n_passed": 311,
      "n_runs": 4,
      "n_tasks_attempted": 111,
      "n_tasks_passed_any": 98,
      "pass_at_1": 0.7004504504504504,
      "pass_at_4": 0.8828828828828829,
      "pass_rate": 0.7004504504504504,
      "reasoning_efforts": "xhigh",
      "task_pass_any_rate": 0.8828828828828829
    },
    {
      "attempt_pass_rate": 0.5553097345132744,
      "ci_attempted": 452,
      "ci_half": 0.021681017528097937,
      "ci_hi": 0.5769907520413723,
      "ci_lo": 0.5336287169851764,
      "ci_passed": 251,
      "config": "mini_swe_agent_gpt_5_4_xhigh",
      "median_agent_steps_to_pass": 62,
      "median_cost_usd": 3.30643275,
      "median_output_tokens_to_pass": 66433,
      "median_steps": 62,
      "model": "gpt-5-4",
      "n_attempted": 452,
      "n_pass_at_4": 87,
      "n_passed": 251,
      "n_runs": 4,
      "n_tasks_attempted": 113,
      "n_tasks_passed_any": 87,
      "pass_at_1": 0.5553097345132744,
      "pass_at_4": 0.7699115044247787,
      "pass_rate": 0.5553097345132744,
      "reasoning_efforts": "xhigh",
      "task_pass_any_rate": 0.7699115044247787
    },
    {
      "attempt_pass_rate": 0.5420353982300885,
      "ci_attempted": 452,
      "ci_half": 0.0471697099099355,
      "ci_hi": 0.589205108140024,
      "ci_lo": 0.494865688320153,
      "ci_passed": 245,
      "config": "mini_swe_agent_claude_opus_4_7_max",
      "median_agent_steps_to_pass": 195,
      "median_cost_usd": 15.951027500000002,
      "median_output_tokens_to_pass": 95702.5,
      "median_steps": 191,
      "model": "claude-opus-4-7",
      "n_attempted": 452,
      "n_pass_at_4": 97,
      "n_passed": 245,
      "n_runs": 4,
      "n_tasks_attempted": 113,
      "n_tasks_passed_any": 97,
      "pass_at_1": 0.5420353982300885,
      "pass_at_4": 0.8584070796460177,
      "pass_rate": 0.5420353982300885,
      "reasoning_efforts": "max",
      "task_pass_any_rate": 0.8584070796460177
    },
    {
      "attempt_pass_rate": 0.31767337807606266,
      "ci_attempted": 447,
      "ci_half": 0.019404660120287773,
      "ci_hi": 0.3350388784093733,
      "ci_lo": 0.2962295581687977,
      "ci_passed": 142,
      "config": "mini_swe_agent_claude_sonnet_4_6_high",
      "median_agent_steps_to_pass": 130,
      "median_cost_usd": 4.751740500000001,
      "median_output_tokens_to_pass": 72478,
      "median_steps": 121,
      "model": "claude-sonnet-4-6",
      "n_attempted": 447,
      "n_pass_at_4": 70,
      "n_passed": 142,
      "n_runs": 4,
      "n_tasks_attempted": 113,
      "n_tasks_passed_any": 70,
      "pass_at_1": 0.3156342182890855,
      "pass_at_4": 0.6194690265486725,
      "pass_rate": 0.3156342182890855,
      "reasoning_efforts": "high",
      "task_pass_any_rate": 0.6194690265486725
    },
    {
      "attempt_pass_rate": 0.2831858407079646,
      "ci_attempted": 452,
      "ci_half": 0.035404953365452144,
      "ci_hi": 0.3185907940734167,
      "ci_lo": 0.24778088734251247,
      "ci_passed": 128,
      "config": "mini_swe_agent_gemini_3_5_flash_medium",
      "median_agent_steps_to_pass": 64,
      "median_cost_usd": 5.6732165000000006,
      "median_output_tokens_to_pass": 122776.5,
      "median_steps": 71,
      "model": "gemini-3-5-flash",
      "n_attempted": 452,
      "n_pass_at_4": 64,
      "n_passed": 128,
      "n_runs": 4,
      "n_tasks_attempted": 113,
      "n_tasks_passed_any": 64,
      "pass_at_1": 0.2831858407079646,
      "pass_at_4": 0.5663716814159292,
      "pass_rate": 0.2831858407079646,
      "reasoning_efforts": "medium",
      "task_pass_any_rate": 0.5663716814159292
    },
    {
      "attempt_pass_rate": 0.27601809954751133,
      "ci_attempted": 442,
      "ci_half": 0.03682279773813465,
      "ci_hi": 0.30747176528975706,
      "ci_lo": 0.23382616981348778,
      "ci_passed": 122,
      "config": "mini_swe_agent_claude_opus_4_6_max",
      "median_agent_steps_to_pass": 93.5,
      "median_cost_usd": 4.662465875,
      "median_output_tokens_to_pass": 42877.5,
      "median_steps": 94,
      "model": "claude-opus-4-6",
      "n_attempted": 442,
      "n_pass_at_4": 57,
      "n_passed": 122,
      "n_runs": 4,
      "n_tasks_attempted": 113,
      "n_tasks_passed_any": 57,
      "pass_at_1": 0.27064896755162243,
      "pass_at_4": 0.504424778761062,
      "pass_rate": 0.27064896755162243,
      "reasoning_efforts": "max",
      "task_pass_any_rate": 0.504424778761062
    },
    {
      "attempt_pass_rate": 0.24336283185840707,
      "ci_attempted": 452,
      "ci_half": 0.029621909222176883,
      "ci_hi": 0.27298474108058396,
      "ci_lo": 0.21374092263623018,
      "ci_passed": 110,
      "config": "mini_swe_agent_gpt_5_4_mini_xhigh",
      "median_agent_steps_to_pass": 79.5,
      "median_cost_usd": 2.02783005,
      "median_output_tokens_to_pass": 127523,
      "median_steps": 83,
      "model": "gpt-5-4-mini",
      "n_attempted": 452,
      "n_pass_at_4": 52,
      "n_passed": 110,
      "n_runs": 4,
      "n_tasks_attempted": 113,
      "n_tasks_passed_any": 52,
      "pass_at_1": 0.24336283185840707,
      "pass_at_4": 0.46017699115044247,
      "pass_rate": 0.24336283185840707,
      "reasoning_efforts": "xhigh",
      "task_pass_any_rate": 0.46017699115044247
    },
    {
      "attempt_pass_rate": 0.23893805309734514,
      "ci_attempted": 452,
      "ci_half": 0.02452927122742791,
      "ci_hi": 0.26346732432477304,
      "ci_lo": 0.21440878186991724,
      "ci_passed": 108,
      "config": "mini_swe_agent_kimi_k2_6_default",
      "median_agent_steps_to_pass": 130,
      "median_cost_usd": 2.6950519500000008,
      "median_output_tokens_to_pass": 69008.5,
      "median_steps": 136.5,
      "model": "kimi-k2-6",
      "n_attempted": 452,
      "n_pass_at_4": 55,
      "n_passed": 108,
      "n_runs": 4,
      "n_tasks_attempted": 113,
      "n_tasks_passed_any": 55,
      "pass_at_1": 0.23893805309734514,
      "pass_at_4": 0.48672566371681414,
      "pass_rate": 0.23893805309734514,
      "reasoning_efforts": null,
      "task_pass_any_rate": 0.48672566371681414
    },
    {
      "attempt_pass_rate": 0.19469026548672566,
      "ci_attempted": 452,
      "ci_half": 0.018734540356965132,
      "ci_hi": 0.21342480584369078,
      "ci_lo": 0.17595572512976054,
      "ci_passed": 88,
      "config": "mini_swe_agent_mimo_v2_5_pro_default",
      "median_agent_steps_to_pass": 107,
      "median_cost_usd": 1.6824870000000003,
      "median_output_tokens_to_pass": 41373.5,
      "median_steps": 114.5,
      "model": "mimo-v2-5-pro",
      "n_attempted": 452,
      "n_pass_at_4": 51,
      "n_passed": 88,
      "n_runs": 4,
      "n_tasks_attempted": 113,
      "n_tasks_passed_any": 51,
      "pass_at_1": 0.19469026548672566,
      "pass_at_4": 0.45132743362831856,
      "pass_rate": 0.19469026548672566,
      "reasoning_efforts": null,
      "task_pass_any_rate": 0.45132743362831856
    },
    {
      "attempt_pass_rate": 0.17516629711751663,
      "ci_attempted": 451,
      "ci_half": 0.00794384866778268,
      "ci_hi": 0.1827226097297296,
      "ci_lo": 0.1668349123941642,
      "ci_passed": 79,
      "config": "mini_swe_agent_glm_5_1_default",
      "median_agent_steps_to_pass": 166,
      "median_cost_usd": 6.703224380000005,
      "median_output_tokens_to_pass": 43713,
      "median_steps": 168,
      "model": "glm-5-1",
      "n_attempted": 451,
      "n_pass_at_4": 44,
      "n_passed": 79,
      "n_runs": 4,
      "n_tasks_attempted": 113,